ident,latitude_deg,longitude_deg,elevation_ft,continent,iso_country,iso_region,municipality
AMC,31.351621,-113.305864,71,NA,MX,MX-SON,Puerto Peñasco
ATQ,0,0,,AS,IN,IN-PB,Amritsar
AYPY,-9.4433803558,147.2200012207,146,OC,PG,PG-NCD,Port Moresby
BIKF,63.9850006104,-22.6056003571,171,EU,IS,IS-2,Reykjavík
BKPR,42.5728,21.035801,1789,EU,XK,XK-01,Prishtina
CN-0051,0,0,,AS,CN,CN-U-A,
CYEG,53.3097000122,-113.580001831,2373,NA,CA,CA-AB,Edmonton
CYHZ,44.8807983398,-63.5085983276,477,NA,CA,CA-NS,Halifax
CYOW,45.3224983215,-75.6691970825,374,NA,CA,CA-ON,Ottawa
CYUL,45.4706001282,-73.7407989502,118,NA,CA,CA-QC,Montréal
CYVR,49.193901062,-123.183998108,14,NA,CA,CA-BC,Vancouver
CYWG,49.9099998474,-97.2398986816,783,NA,CA,CA-MB,Winnipeg
CYYC,51.113899231,-114.019996643,3557,NA,CA,CA-AB,Calgary
CYYJ,48.646900177,-123.426002502,63,NA,CA,CA-BC,Victoria
CYYT,47.618598938,-52.7518997192,461,NA,CA,CA-NL,St. John's
CYYZ,43.6772003174,-79.6305999756,569,NA,CA,CA-ON,Toronto
DAAG,36.6910018921,3.2154099941,82,AF,DZ,DZ-35,Algiers
DGAA,5.6051898003,-0.1667860001,205,AF,GH,GH-AA,Accra
DNAA,9.0067901611,7.2631697655,1123,AF,NG,NG-FC,Abuja
DNAI,4.8725,8.093,170,AF,NG,NG-AK,Uyo
DNMM,6.5773701668,3.321160078,135,AF,NG,NG-LA,Lagos
DTTA,36.8510017395,10.2271995544,22,AF,TN,TN-11,Tunis
EBBR,50.9014015198,4.4844398499,184,EU,BE,BE-BRU,Brussels
EBCI,50.4592018127,4.4538202286,614,EU,BE,BE-WHT,Brussels
EBLG,50.6374015808,5.4432201385,659,EU,BE,BE-WLG,Liège
EDDB,52.3800010681,13.5225000381,157,EU,DE,DE-BR,Berlin
EDDC,51.1328010559,13.76720047,755,EU,DE,DE-SN,Dresden
EDDF,50.026402,8.54313,364,EU,DE,DE-HE,Frankfurt-am-Main
EDDG,52.134601593,7.6848301888,160,EU,DE,DE-NW,Münster
EDDH,53.6304016113,9.9882297516,53,EU,DE,DE-HH,Hamburg
EDDK,50.8658981323,7.1427397728,302,EU,DE,DE-NW,Cologne
EDDL,51.2895011902,6.7667798996,147,EU,DE,DE-NW,Düsseldorf
EDDM,48.3538017273,11.7861003876,1487,EU,DE,DE-BY,Munich
EDDN,49.4986991882,11.0669002533,1046,EU,DE,DE-BY,Nuremberg
EDDP,51.4323997498,12.2416000366,465,EU,DE,DE-SN,Leipzig
EDDS,48.6898994446,9.2219600678,1276,EU,DE,DE-BW,Stuttgart
EDDT,52.5597000122,13.2876996994,122,EU,DE,DE-BE,Berlin
EDDV,52.461101532,9.6850795746,183,EU,DE,DE-NI,Hannover
EDDW,53.0475006104,8.7866697311,14,EU,DE,DE-HB,Bremen
EDLW,51.5182991028,7.6122398377,425,EU,DE,DE-NW,Dortmund
EDSB,48.7793998718,8.0804996491,408,EU,DE,DE-BW,Baden-Baden
EETN,59.4132995605,24.8327999115,131,EU,EE,EE-37,Tallinn
EFHK,60.317199707,24.963300705,179,EU,FI,FI-ES,Helsinki
EGAA,54.6575012207,-6.2158298492,268,EU,GB,GB-NIR,Belfast
EGAC,54.6180992126,-5.8724999428,15,EU,GB,GB-NIR,Belfast
EGBB,52.4538993835,-1.7480299473,327,EU,GB,GB-ENG,Birmingham
EGCC,53.3536987305,-2.2749500275,257,EU,GB,GB-ENG,Manchester
EGCN,53.4805378105,-1.0106563568,55,EU,GB,GB-ENG,Doncaster
EGFF,51.3967018127,-3.3433299065,220,EU,GB,GB-WLS,Cardiff
EGGD,51.3827018738,-2.7190899849,622,EU,GB,GB-ENG,Bristol
EGGP,53.3335990906,-2.8497200012,80,EU,GB,GB-ENG,Liverpool
EGGW,51.8746986389,-0.3683330119,526,EU,GB,GB-ENG,London
EGHH,50.7799987793,-1.8424999714,38,EU,GB,GB-ENG,Bournemouth
EGHI,50.9502983093,-1.3567999601,44,EU,GB,GB-ENG,Southampton
EGKK,51.1481018066,-0.1902779937,202,EU,GB,GB-ENG,London
EGLL,51.4706,-0.461941,83,EU,GB,GB-ENG,London
EGNM,53.8658981323,-1.6605700254,681,EU,GB,GB-ENG,Leeds
EGNT,55.0374984741,-1.6916699409,266,EU,GB,GB-ENG,Newcastle
EGNX,52.8311004639,-1.3280600309,306,EU,GB,GB-ENG,Nottingham
EGPD,57.2019004822,-2.1977798939,215,EU,GB,GB-SCT,Aberdeen
EGPF,55.8718986511,-4.4330601692,26,EU,GB,GB-SCT,Glasgow
EGPH,55.9500007629,-3.3724999428,135,EU,GB,GB-SCT,Edinburgh
EGSH,52.6758003235,1.2827800512,117,EU,GB,GB-ENG,Norwich
EGSS,51.8849983215,0.2349999994,348,EU,GB,GB-ENG,London
EGTE,50.7344017029,-3.4138898849,102,EU,GB,GB-ENG,Exeter
EGUL,52.4093017578,0.5609999895,32,EU,GB,GB-ENG,Lakenheath
EGUN,52.3619003296,0.4864059985,33,EU,GB,GB-ENG,Mildenhall
EGVA,51.6822013855,-1.7900300026,286,EU,GB,GB-ENG,Fairford
EGVN,51.75,-1.58362,288,EU,GB,GB-ENG,Brize Norton
EHAM,52.3086013794,4.7638897896,-11,EU,NL,NL-NH,Amsterdam
EHBK,50.9117012024,5.7701401711,375,EU,NL,NL-LI,Maastricht
EHEH,51.4500999451,5.3745298386,74,EU,NL,NL-NB,Eindhoven
EICK,51.8413009644,-8.491109848,502,EU,IE,IE-C,Cork
EIDW,53.4212989807,-6.270070076,242,EU,IE,IE-D,Dublin
EINN,52.7019996643,-8.9248199463,46,EU,IE,IE-CE,Limerick
EKBI,55.7402992249,9.1517801285,247,EU,DK,DK-83,Billund
EKCH,55.6179008484,12.6560001373,17,EU,DK,DK-84,Copenhagen
EKYT,57.0927589138,9.8492431641,10,EU,DK,DK-81,Aalborg
ELLX,49.6265983582,6.211520195,1234,EU,LU,LU-L,Luxembourg
ENBO,67.269203186,14.3653001785,42,EU,NO,NO-18,Bodø
ENBR,60.29339981,5.218140125,170,EU,NO,NO-12,Bergen
ENGM,60.193901062,11.100399971,681,EU,NO,NO-02,Oslo
ENTC,69.6832962036,18.9188995361,31,EU,NO,NO-19,Tromsø
ENVA,63.4578018,10.9239998,56,EU,NO,NO-17,Trondheim
ENZV,58.876701354,5.6377801895,29,EU,NO,NO-11,Stavanger
EPGD,54.3776016235,18.4661998749,489,EU,PL,PL-PM,Gdańsk
EPKK,50.0777015686,19.7847995758,791,EU,PL,PL-MA,Kraków
EPKT,50.4743003845,19.0799999237,995,EU,PL,PL-SL,Katowice
EPMO,52.4510993958,20.6518001556,341,EU,PL,PL-MZ,Warsaw
EPPO,52.4210014343,16.8262996674,308,EU,PL,PL-WP,Poznań
EPWA,52.1656990051,20.9671001434,362,EU,PL,PL-MZ,Warsaw
EPWR,51.1026992798,16.885799408,404,EU,PL,PL-DS,Wrocław
ESGG,57.6627998352,12.279800415,506,EU,SE,SE-Q,Gothenburg
ESMS,55.536305364,13.3761978149,236,EU,SE,SE-M,Malmö
ESPA,65.543800354,22.1219997406,65,EU,SE,SE-BD,Luleå
ESSA,59.6519012451,17.9186000824,137,EU,SE,SE-AB,Stockholm
ETAR,49.4369010925,7.600279808,776,EU,DE,DE-RP,Ramstein
EVRA,56.9235992432,23.9710998535,36,EU,LV,LV-RIX,Riga
EYVI,54.6341018677,25.2858009338,646,EU,LT,LT-VL,Vilnius
FACT,-33.9648017883,18.6016998291,151,AF,ZA,ZA-WC,Cape Town
FAGG,-34.0055999756,22.378900528,648,AF,ZA,ZA-WC,George
FAJS,-26.1392,28.246,5558,AF,ZA,ZA-GT,Johannesburg
FALE,-29.6144444444,31.1197222222,295,AF,ZA,ZA-NL,Durban
FLLS,-15.3308000565,28.4526004791,3779,AF,ZM,ZM-09,Lusaka
GCLP,27.9319000244,-15.3865995407,78,EU,ES,ES-CN,Gran Canaria Island
GCTS,28.044500351,-16.5725002289,209,EU,ES,ES-CN,Tenerife Island
GCXO,28.4827003479,-16.3414993286,2076,EU,ES,ES-CN,Tenerife Island
GMMN,33.3675003052,-7.5899701118,656,AF,MA,MA-CAS,Casablanca
GOOY,14.7397003174,-17.4902000427,85,AF,SN,SN-DK,Dakar
HAAB,8.9778900147,38.7993011475,7630,AF,ET,ET-AA,Addis Ababa
HECA,30.1219005585,31.4055995941,382,AF,EG,EG-C,Cairo
HEGN,27.1783008575,33.7994003296,52,AF,EG,EG-BA,Hurghada
HKJK,-1.319239974,36.9277992249,5330,AF,KE,KE-110,Nairobi
HKMO,-4.0348300934,39.5942001343,200,AF,KE,KE-300,Mombasa
HLLT,32.6635017395,13.1590003967,263,AF,LY,LY-TB,Tripoli
HSSJ,4.872010231,31.6011009216,1513,AF,SS,SS-17,Juba
HSSS,15.5895004272,32.5531997681,1265,AF,SD,SD-03,Khartoum
ID-0017,-0.373611,117.255556,82,AS,ID,ID-KI,Samarinda
KABQ,35.0401992798,-106.6090011597,5355,NA,US,US-NM,Albuquerque
KADW,38.810798645,-76.8669967651,280,NA,US,US-MD,Camp Springs
KAFW,32.9875984192,-97.3188018799,722,NA,US,US-TX,Fort Worth
KAGS,33.3698997498,-81.9645004272,144,NA,US,US-GA,Augusta
KAMA,35.2193984985,-101.7060012817,3607,NA,US,US-TX,Amarillo
KATL,33.6366996765,-84.4281005859,1026,NA,US,US-GA,Atlanta
KAUS,30.1944999695,-97.6698989868,542,NA,US,US-TX,Austin
KAVL,35.4361991882,-82.5418014526,2165,NA,US,US-NC,Asheville
KBAB,39.136100769,-121.43699646,113,NA,US,US-CA,Marysville
KBAD,32.5018005371,-93.6626968384,166,NA,US,US-LA,Bossier City
KBDL,41.9388999939,-72.6831970215,173,NA,US,US-CT,Hartford
KBFI,47.5299987793,-122.3020019531,21,NA,US,US-WA,Seattle
KBGR,44.8073997498,-68.8281021118,192,NA,US,US-ME,Bangor
KBHM,33.56290054,-86.75350189,650,NA,US,US-AL,Birmingham
KBIL,45.8077011108,-108.5429992676,3652,NA,US,US-MT,Billings
KBLV,38.5452,-89.835197,459,NA,US,US-IL,Belleville
KBMI,40.47710037,-88.91590118,871,NA,US,US-IL,Bloomington/Normal
KBNA,36.1245002747,-86.6781997681,599,NA,US,US-TN,Nashville
KBOI,43.56439972,-116.2229996,2871,NA,US,US-ID,Boise
KBOS,42.36429977,-71.00520325,20,NA,US,US-MA,Boston
KBTR,30.53319931,-91.14959717,70,NA,US,US-LA,Baton Rouge
KBUF,42.94049835,-78.73220062,728,NA,US,US-NY,Buffalo
KBWI,39.17539978,-76.66829681,146,NA,US,US-MD,Baltimore
KCAE,33.9388008118,-81.1194992065,236,NA,US,US-SC,Columbia
KCBM,33.6437988281,-88.4438018799,219,NA,US,US-MS,Columbus
KCHA,35.0353012085,-85.2037963867,683,NA,US,US-TN,Chattanooga
KCHS,32.89860153,-80.04049683,46,NA,US,US-SC,Charleston
KCID,41.8847007751,-91.7108001709,869,NA,US,US-IA,Cedar Rapids
KCLE,41.4117012024,-81.8498001099,791,NA,US,US-OH,Cleveland
KCLT,35.2140007019,-80.9430999756,748,NA,US,US-NC,Charlotte
KCMH,39.9980010986,-82.8918991089,815,NA,US,US-OH,Columbus
KCOS,38.8058013916,-104.7009963989,6187,NA,US,US-CO,Colorado Springs
KCPR,42.90800095,-106.4639969,5350,NA,US,US-WY,Casper
KCRP,27.7703990936,-97.5011978149,44,NA,US,US-TX,Corpus Christi
KCRW,38.3731002808,-81.5932006836,981,NA,US,US-WV,Charleston
KCVG,39.0488014221,-84.6678009033,896,NA,US,US-KY,Cincinnati
KCVS,34.3828010559,-103.321998596,4295,NA,US,US-NM,Clovis
KDAB,29.179899,-81.058098,34,NA,US,US-FL,Daytona Beach
KDAL,32.8470993042,-96.8517990112,487,NA,US,US-TX,Dallas
KDAY,39.9024009705,-84.2193984985,1009,NA,US,US-OH,Dayton
KDBQ,42.40200043,-90.70950317,1077,NA,US,US-IA,Dubuque
KDCA,38.8521003723,-77.0376968384,15,NA,US,US-DC,Washington
KDEN,39.8616981506,-104.672996521,5431,NA,US,US-CO,Denver
KDFW,32.8968009949,-97.0380020142,607,NA,US,US-TX,Dallas-Fort Worth
KDLF,29.359500885,-100.777999878,1082,NA,US,US-TX,Del Rio
KDLH,46.8420982361,-92.1936035156,1428,NA,US,US-MN,Duluth
KDOV,39.12950134,-75.46600342,24,NA,US,US-DE,Dover
KDSM,41.5340003967,-93.6631011963,958,NA,US,US-IA,Des Moines
KDTW,42.2123985291,-83.3534011841,645,NA,US,US-MI,Detroit
KDYS,32.4207992554,-99.854598999,1789,NA,US,US-TX,Abilene
KEDW,34.905399,-117.884003,2312,NA,US,US-CA,Edwards
KEND,36.3391990662,-97.9164962769,1307,NA,US,US-OK,Enid
KERI,42.0831270134,-80.1738667488,732,NA,US,US-PA,Erie
KEWR,40.6925010681,-74.1687011719,18,NA,US,US-NJ,Newark
KFFO,39.8260993958,-84.0483016968,823,NA,US,US-OH,Dayton
KFLL,26.072599411,-80.1527023315,9,NA,US,US-FL,Fort Lauderdale
KFSM,35.3366012573,-94.367401123,469,NA,US,US-AR,Fort Smith
KFTW,32.8198013306,-97.3623962402,710,NA,US,US-TX,Fort Worth
KFWA,40.97850037,-85.19509888,814,NA,US,US-IN,Fort Wayne
KGEG,47.6198997498,-117.533996582,2376,NA,US,US-WA,Spokane
KGPT,30.4073009491,-89.070098877,28,NA,US,US-MS,Gulfport
KGRB,44.4850997925,-88.1296005249,695,NA,US,US-WI,Green Bay
KGSB,35.33940125,-77.96060181,109,NA,US,US-NC,Goldsboro
KGSO,36.0978012085,-79.9373016357,925,NA,US,US-NC,Greensboro
KGSP,34.8956985474,-82.2189025879,964,NA,US,US-SC,Greenville
KGUS,40.6481018066,-86.1520996094,812,NA,US,US-IN,Peru
KHIB,47.38660049,-92.83899689,1354,NA,US,US-MN,Hibbing
KHMN,32.8525009155,-106.107002258,4093,NA,US,US-NM,Alamogordo
KHOU,29.64539909,-95.27890015,46,NA,US,US-TX,Houston
KHSV,34.6371994019,-86.775100708,629,NA,US,US-AL,Huntsville
KHTS,38.36669922,-82.55799866,828,NA,US,US-WV,Huntington
KIAD,38.94449997,-77.45580292,312,NA,US,US-DC,Washington
KIAH,29.9843997955,-95.3414001465,97,NA,US,US-TX,Houston
KICT,37.6498985291,-97.4330978394,1333,NA,US,US-KS,Wichita
KIND,39.7173,-86.294403,797,NA,US,US-IN,Indianapolis
KJAN,32.3111991882,-90.0758972168,346,NA,US,US-MS,Jackson
KJAX,30.4941005707,-81.6878967285,30,NA,US,US-FL,Jacksonville
KJFK,40.63980103,-73.77890015,13,NA,US,US-NY,New York
KJLN,37.1517982483,-94.498298645,981,NA,US,US-MO,Joplin
KLAS,36.08010101,-115.1520004,2181,NA,US,US-NV,Las Vegas
KLAX,33.94250107,-118.4079971,125,NA,US,US-CA,Los Angeles
KLBB,33.6636009216,-101.8229980469,3282,NA,US,US-TX,Lubbock
KLCK,39.813801,-82.927803,744,NA,US,US-OH,Columbus
KLEX,38.0364990234,-84.6059036255,979,NA,US,US-KY,Lexington
KLFI,37.082901001,-76.360496521,11,NA,US,US-VA,Hampton
KLFT,30.20529938,-91.98760223,42,NA,US,US-LA,Lafayette
KLGA,40.77719879,-73.87259674,21,NA,US,US-NY,New York
KLIT,34.7294006348,-92.2242965698,262,NA,US,US-AR,Little Rock
KLTS,34.667098999,-99.2667007446,1382,NA,US,US-OK,Altus
KLUF,33.5349998474,-112.383003235,1085,NA,US,US-AZ,Glendale
KMBS,43.5329017639,-84.0795974731,668,NA,US,US-MI,Saginaw
KMCF,27.84930038,-82.52120209,14,NA,US,US-FL,Tampa
KMCI,39.2976,-94.713898,1026,NA,US,US-MO,Kansas City
KMCO,28.4293994904,-81.3089981079,96,NA,US,US-FL,Orlando
KMDW,41.7859992981,-87.7524032593,620,NA,US,US-IL,Chicago
KMEM,35.0424003601,-89.9766998291,341,NA,US,US-TN,Memphis
KMGE,33.91540146,-84.51629639,1068,NA,US,US-GA,Marietta
KMGM,32.30059814,-86.39399719,221,NA,US,US-AL,Montgomery
KMHT,42.932598114,-71.4356994629,266,NA,US,US-NH,Manchester
KMIA,25.7931995392,-80.2906036377,8,NA,US,US-FL,Miami
KMKE,42.9472007751,-87.8965988159,723,NA,US,US-WI,Milwaukee
KMLI,41.4485015869,-90.5074996948,590,NA,US,US-IL,Moline
KMLU,32.5108985901,-92.0376968384,79,NA,US,US-LA,Monroe
KMOB,30.6912002563,-88.2427978516,219,NA,US,US-AL,Mobile
KMSN,43.1399002075,-89.3375015259,887,NA,US,US-WI,Madison
KMSP,44.8819999695,-93.2218017578,841,NA,US,US-MN,Minneapolis
KMSY,29.9934005737,-90.2580032349,4,NA,US,US-LA,New Orleans
KMUO,43.043598,-115.872002,2996,NA,US,US-ID,Mountain Home
KOAK,37.7212982178,-122.2210006714,9,NA,US,US-CA,Oakland
KOKC,35.3931007385,-97.6007003784,1295,NA,US,US-OK,Oklahoma City
KONT,34.0559997559,-117.6009979248,944,NA,US,US-CA,Ontario
KORD,41.97859955,-87.90480042,672,NA,US,US-IL,Chicago
KORF,36.8945999146,-76.2012023926,26,NA,US,US-VA,Norfolk
KPAM,30.0695991516,-85.5754013062,17,NA,US,US-FL,Panama City
KPBI,26.6832008362,-80.0955963135,19,NA,US,US-FL,West Palm Beach
KPDX,45.58869934,-122.5979996,31,NA,US,US-OR,Portland
KPHF,37.13190079,-76.49299622,42,NA,US,US-VA,Newport News
KPHL,39.8718986511,-75.2410964966,36,NA,US,US-PA,Philadelphia
KPHX,33.434299469,-112.0120010376,1135,NA,US,US-AZ,Phoenix
KPIA,40.6641998291,-89.6932983398,660,NA,US,US-IL,Peoria
KPIT,40.49150085,-80.23290253,1203,NA,US,US-PA,Pittsburgh
KPWM,43.64619827,-70.30930328,76,NA,US,US-ME,Portland
KRDU,35.8776016235,-78.7874984741,435,NA,US,US-NC,Raleigh/Durham
KRFD,42.195400238,-89.0971984863,742,NA,US,US-IL,Chicago/Rockford
KRIC,37.5051994324,-77.3197021484,167,NA,US,US-VA,Richmond
KRND,29.52969933,-98.27890015,761,NA,US,US-TX,Universal City
KRNO,39.4990997314,-119.7679977417,4415,NA,US,US-NV,Reno
KROA,37.3255004883,-79.975402832,1175,NA,US,US-VA,Roanoke
KROC,43.1189002991,-77.6724014282,559,NA,US,US-NY,Rochester
KRST,43.9082984924,-92.5,1317,NA,US,US-MN,Rochester
KRSW,26.5361995697,-81.7552032471,30,NA,US,US-FL,Fort Myers
KSAN,32.7336006165,-117.190002441,17,NA,US,US-CA,San Diego
KSAT,29.533700943,-98.4698028564,809,NA,US,US-TX,San Antonio
KSAV,32.12760162,-81.20210266,50,NA,US,US-GA,Savannah
KSBN,41.7086982727,-86.3172988892,799,NA,US,US-IN,South Bend
KSDF,38.1744003296,-85.736000061,501,NA,US,US-KY,Louisville
KSEA,47.4490013123,-122.3089981079,433,NA,US,US-WA,Seattle
KSFB,28.7775993347,-81.2375030518,55,NA,US,US-FL,Orlando
KSFO,37.6189994812,-122.375,13,NA,US,US-CA,San Francisco
KSGF,37.24570084,-93.38860321,1268,NA,US,US-MO,Springfield
KSHV,32.4466018677,-93.8255996704,258,NA,US,US-LA,Shreveport
KSJC,37.3625984192,-121.9290008545,62,NA,US,US-CA,San Jose
KSKA,47.6151008606,-117.65599823,2461,NA,US,US-WA,Spokane
KSLC,40.7883987427,-111.9779968262,4227,NA,US,US-UT,Salt Lake City
KSMF,38.695400238,-121.591003418,27,NA,US,US-CA,Sacramento
KSNA,33.67570114,-117.8679962,56,NA,US,US-CA,Santa Ana
KSPI,39.84410095,-89.67790222,598,NA,US,US-IL,Springfield
KSPS,33.98880005,-98.49189758,1019,NA,US,US-TX,Wichita Falls
KSRQ,27.3953990936,-82.554397583,30,NA,US,US-FL,Sarasota/Bradenton
KSSC,33.97269821,-80.47059631,241,NA,US,US-SC,Sumter
KSTL,38.7486991882,-90.3700027466,618,NA,US,US-MO,St Louis
KSUS,38.6621017456,-90.6520004272,463,NA,US,US-MO,St Louis
KSUU,38.2626991272,-121.9270019531,62,NA,US,US-CA,Fairfield
KSUX,42.40259933,-96.38439941,1098,NA,US,US-IA,Sioux City
KSYR,43.1111984253,-76.106300354,421,NA,US,US-NY,Syracuse
KSZL,38.7303009033,-93.5478973389,870,NA,US,US-MO,Knob Noster
KTCM,47.1376991272,-122.475997925,322,NA,US,US-WA,Tacoma
KTIK,35.4146995544,-97.3865966797,1291,NA,US,US-OK,Oklahoma City
KTLH,30.3964996338,-84.3503036499,81,NA,US,US-FL,Tallahassee
KTOL,41.58679962,-83.80780029,683,NA,US,US-OH,Toledo
KTPA,27.9755001068,-82.533203125,26,NA,US,US-FL,Tampa
KTRI,36.4752006531,-82.4074020386,1519,NA,US,US-TN,Bristol/Johnson/Kingsport
KTUL,36.1983985901,-95.8880996704,677,NA,US,US-OK,Tulsa
KTUS,32.1161003113,-110.9410018921,2643,NA,US,US-AZ,Tucson
KTYS,35.81100082,-83.9940033,981,NA,US,US-TN,Knoxville
KVBG,34.7373008728,-120.583999634,369,NA,US,US-CA,Lompoc
KVPS,30.4832000732,-86.5253982544,87,NA,US,US-FL,Valparaiso
KWRB,32.6400985718,-83.5919036865,294,NA,US,US-GA,Warner Robins
LATI,41.4146995544,19.7206001282,126,EU,AL,AL-11,Tirana
LBBG,42.5695991516,27.5151996613,135,EU,BG,BG-02,Burgas
LBSF,42.6966934204,23.4114360809,1742,EU,BG,BG-23,Sofia
LBWN,43.232101,27.8251,230,EU,BG,BG-03,Varna
LCLK,34.8750991821,33.6249008179,8,AS,CY,CY-04,Larnarca
LCPH,34.7179985046,32.4856987,41,AS,CY,CY-06,Paphos
LCRA,34.590401,32.9879,76,EU,GB,GB-U-A,Akrotiri
LDZA,45.7429008484,16.0687999725,353,EU,HR,HR-21,Zagreb
LEAL,38.2821998596,-0.5581560135,142,EU,ES,ES-V,Alicante
LEBL,41.2971000671,2.0784599781,12,EU,ES,ES-CT,Barcelona
LEMD,40.4936,-3.56676,1998,EU,ES,ES-M,Madrid
LEMG,36.6749000549,-4.4991102219,53,EU,ES,ES-AN,Málaga
LEPA,39.551700592,2.7388100624,27,EU,ES,ES-PM,Palma De Mallorca
LEST,42.8963012695,-8.415140152,1213,EU,ES,ES-GA,Santiago de Compostela
LFBD,44.8283004761,-0.7155560255,162,EU,FR,FR-B,Bordeaux/Mérignac
LFBO,43.629101,1.36382,499,EU,FR,FR-N,Toulouse/Blagnac
LFML,43.439271922,5.2214241028,74,EU,FR,FR-U,Marseille
LFMN,43.6584014893,7.2158699036,12,EU,FR,FR-U,Nice
LFOA,47.053299,2.6325,580,EU,FR,FR-F,Avord
LFPG,49.0127983093,2.5499999523,392,EU,FR,FR-J,Paris
LFPO,48.7252998352,2.3594400883,291,EU,FR,FR-J,Paris
LFSB,47.59,7.5291667,885,EU,FR,FR-A,Bâle/Mulhouse
LGAV,37.9364013672,23.9444999695,308,EU,GR,GR-A1,Athens
LGIR,35.3396987915,25.1802997589,115,EU,GR,GR-91,Heraklion
LGTS,40.5196990967,22.9708995819,22,EU,GR,GR-54,Thessaloniki
LHBP,47.4369010925,19.2555999756,495,EU,HU,HU-PE,Budapest
LIBD,41.1389007568,16.7605991364,177,EU,IT,IT-75,Bari
LICC,37.4668006897,15.0663995743,39,EU,IT,IT-82,Catania
LICJ,38.1759986877,13.0909996033,65,EU,IT,IT-82,Palermo
LIEE,39.251499176,9.0542802811,13,EU,IT,IT-88,Cagliari
LIMC,45.6305999756,8.7281103134,768,EU,IT,IT-25,Milan
LIME,45.6739006042,9.7041702271,782,EU,IT,IT-25,Bergamo
LIMF,45.2008018494,7.6496300697,989,EU,IT,IT-21,Torino
LIMJ,44.4132995605,8.8374996185,13,EU,IT,IT-42,Genova
LIML,45.445098877,9.2767400742,353,EU,IT,IT-25,Milan
LIMZ,44.547000885,7.6232199669,1267,EU,IT,IT-21,Cuneo
LIPE,44.5354,11.2887,123,EU,IT,IT-45,Bologna
LIPH,45.648399353,12.1943998337,59,EU,IT,IT-34,Treviso
LIPX,45.395699,10.8885,239,EU,IT,IT-34,Verona
LIPZ,45.505299,12.3519,7,EU,IT,IT-34,Venice
LIRA,41.7994003296,12.5949001312,427,EU,IT,IT-62,Roma
LIRF,41.8045005798,12.2508001328,15,EU,IT,IT-62,Rome
LIRN,40.8860015869,14.2908000946,294,EU,IT,IT-72,Nápoli
LIRP,43.6838989258,10.3927001953,6,EU,IT,IT-52,Pisa
LJLJ,46.2237014771,14.4575996399,1273,EU,SI,SI-061,Ljubljana
LKPR,50.1007995605,14.2600002289,1247,EU,CZ,CZ-PR,Prague
LLBG,32.0113983154,34.8866996765,135,AS,IL,IL-M,Tel Aviv
LLOV,29.9402999878,34.935798645,1492,AS,IL,IL-D,Eilat
LMML,35.857498,14.4775,300,EU,MT,MT-25,Luqa
LOWW,48.1102981567,16.5697002411,600,EU,AT,AT-9,Vienna
LPFR,37.0144004822,-7.9659099579,24,EU,PT,PT-08,Faro
LPLA,38.7617988586,-27.0907993317,180,EU,PT,PT-20,Lajes
LPPD,37.7411994934,-25.6979007721,259,EU,PT,PT-20,Ponta Delgada
LPPR,41.2481002808,-8.6813898087,228,EU,PT,PT-13,Porto
LPPT,38.7812995911,-9.1359195709,374,EU,PT,PT-11,Lisbon
LQSA,43.8246002197,18.3314990997,1708,EU,BA,BA-BIH,Sarajevo
LROP,44.5722007751,26.1021995544,314,EU,RO,RO-B,Bucharest
LSGG,46.2380981445,6.1089501381,1411,EU,CH,CH-GE,Geneva
LSZH,47.4646987915,8.5491695404,1416,EU,CH,CH-ZH,Zurich
LTAC,40.1281013489,32.995098114,3125,AS,TR,TR-06,Ankara
LTAF,36.9822006226,35.2803993225,65,AS,TR,TR-01,Adana
LTAI,36.898701,30.800501,177,AS,TR,TR-07,Antalya
LTAJ,36.9472007751,37.4786987305,2315,AS,TR,TR-27,Gaziantep
LTBA,40.9768981934,28.8145999908,163,EU,TR,TR-34,Istanbul
LTBJ,38.2924003601,27.156999588,412,AS,TR,TR-35,İzmir
LTBS,36.7131004333,28.7924995422,20,AS,TR,TR-48,Dalaman
LTCE,39.9565010071,41.1702003479,5763,AS,TR,TR-25,Erzurum
LTCG,40.995098114,39.7896995544,104,AS,TR,TR-61,Trabzon
LTFC,37.8554000854,30.3684005737,2835,AS,TR,TR-32,Isparta
LTFE,37.2505989075,27.6643009186,21,AS,TR,TR-48,Bodrum
LTFJ,40.898601532,29.3092002869,312,AS,TR,TR-34,Istanbul
LYBE,44.8184013367,20.3090991974,335,EU,RS,RS-00,Belgrade
LYPG,42.3594017029,19.2518997192,141,EU,ME,ME-16,Podgorica
LZIB,48.1702003479,17.2126998901,436,EU,SK,SK-BL,Bratislava
MDPC,18.5673999786,-68.3634033203,47,NA,DO,DO-11,Punta Cana
MDSD,18.4297008514,-69.6688995361,59,NA,DO,DO-01,Santo Domingo
MKJP,17.9356994629,-76.7874984741,10,NA,JM,JM-01,Kingston
MMAA,16.7570991516,-99.7539978027,16,NA,MX,MX-GRO,Acapulco
MMGL,20.5217990875,-103.3109970093,5016,NA,MX,MX-JAL,Guadalajara
MMHO,29.0958995819,-111.047996521,627,NA,MX,MX-SON,Hermosillo
MMMX,19.4363002777,-99.0720977783,7316,NA,MX,MX-DIF,Mexico City
MMMY,25.7784996033,-100.107002258,1278,NA,MX,MX-NLE,Monterrey
MMPR,20.6800994873,-105.2539978027,23,NA,MX,MX-JAL,Puerto Vallarta
MMSD,23.1518001556,-109.7210006714,374,NA,MX,MX-BCS,San José del Cabo
MMTJ,32.5410995483,-116.9700012207,489,NA,MX,MX-BCN,Tijuana
MMUN,21.0365009308,-86.8770980835,22,NA,MX,MX-ROO,Cancún
MPTO,9.0713596344,-79.3834991455,135,NA,PA,PA-8,Tocumen
MSLP,13.4409,-89.055702,101,NA,SV,SV-PA,Santa Clara
MUHA,22.989200592,-82.4091033936,210,NA,CU,CU-03,Havana
MUVR,23.0344009399,-81.4353027344,210,NA,CU,CU-04,Varadero
MWCR,19.2928009033,-81.3576965332,8,NA,KY,KY-U-A,Georgetown
MYNN,25.0389995575,-77.4662017822,16,NA,BS,BS-NP,Nassau
MZBZ,17.539100647,-88.3081970215,15,NA,BZ,BZ-BZ,Belize City
NCRG,-21.2026996613,-159.805999756,19,OC,CK,CK-U-A,Avarua
NZAA,-37.0080986023,174.792007446,23,OC,NZ,NZ-AUK,Auckland
NZCH,-43.4893989563,172.5319976807,123,OC,NZ,NZ-CAN,Christchurch
NZWN,-41.3272018433,174.804992676,41,OC,NZ,NZ-WGN,Wellington
OBBI,26.2707996368,50.6335983276,6,AS,BH,BH-15,Manama
OEDF,26.471200943,49.7979011536,72,AS,SA,SA-04,Ad Dammam
OEDR,26.2653999329,50.1520004272,84,AS,SA,SA-04,
OEJN,21.679599762,39.15650177,48,AS,SA,SA-02,Jeddah
OEMA,24.5534000397,39.7051010132,2151,AS,SA,SA-03,Medina
OERK,24.9575996399,46.6987991333,2049,AS,SA,SA-01,Riyadh
OIIE,35.4160995483,51.1521987915,3305,AS,IR,IR-07,Tehran
OIII,35.689201355,51.3134002686,3962,AS,IR,IR-07,Tehran
OIMM,36.2351989746,59.6409988403,3263,AS,IR,IR-30,Mashhad
OISS,29.5391998291,52.5898017883,4920,AS,IR,IR-14,Shiraz
OITT,38.1338996887,46.2350006104,4459,AS,IR,IR-01,Tabriz
OJAI,31.7226009369,35.9931983948,2395,AS,JO,JO-AM,Amman
OKBK,29.226600647,47.9688987732,206,AS,KW,KW-FA,Kuwait City
OLBA,33.8208999634,35.4883995056,87,AS,LB,LB-JL,Beirut
OM-0003,19.5,57.6428,380,AS,OM,OM-WU,Duqm
OM-0004,23.640556,57.4875,349,AS,OM,OM-BA,Al Masna'ah
OMAA,24.4330005646,54.6511001587,88,AS,AE,AE-AZ,Abu Dhabi
OMDB,25.2527999878,55.3643989563,62,AS,AE,AE-DU,Dubai
OMDW,24.896356,55.161389,114,AS,AE,AE-DU,Jebel Ali
OMSJ,25.3285999298,55.51720047,111,AS,AE,AE-SH,Sharjah
OOMS,23.5932998657,58.2844009399,48,AS,OM,OM-MA,Muscat
OPRN,33.6166992188,73.0991973877,1668,AS,PK,PK-IS,Islamabad
OPST,32.5355567932,74.3638916016,837,AS,PK,PK-PB,Sialkot
ORBI,33.2625007629,44.2346000671,114,AS,IQ,IQ-BG,Baghdad
ORMM,30.5491008759,47.6621017456,11,AS,IQ,IQ-BA,Basrah
OSAP,36.1806983948,37.2243995667,1276,AS,SY,SY-HL,Aleppo
OSDI,33.4114990234,36.5155982971,2020,AS,SY,SY-DI,Damascus
OSLK,35.4011001587,35.9486999512,157,AS,SY,SY-LA,Latakia
PAFA,64.81510162,-147.8560028,439,NA,US,US-AK,Fairbanks
PANC,61.1744003296,-149.9960021973,152,NA,US,US-AK,Anchorage
PGUM,13.4834003448,144.796005249,298,OC,GU,GU-U-A,"Hagåtña, Guam International Airport"
PH-0001,8.612203,124.456496,190,AS,PH,PH-MSR,Cagayan de Oro City
PHNL,21.3187007904,-157.9219970703,13,NA,US,US-HI,Honolulu
PK-0001,33.560714,72.851614,646,AS,PK,PK-PB,Islamabad
PR20,18.1802005768,-66.7568969727,2340,NA,PR,PR-U-A,Adjuntas
QA-0001,25.273056,51.608056,13,AS,QA,QA-DA,Doha
RCBS,24.4279003143,118.3590011597,93,AS,TW,TW-X-KM,Shang-I
RCKH,22.5771007538,120.3499984741,31,AS,TW,TW-KHH,Kaohsiung City
RCTP,25.0776996613,121.233001709,106,AS,TW,TW-TAO,Taipei
RJAA,35.7647018433,140.386001587,141,AS,JP,JP-12,Tokyo
RJBB,34.4272994995,135.2440032959,26,AS,JP,JP-27,Osaka
RJCC,42.7751998901,141.6920013428,82,AS,JP,JP-01,Chitose / Tomakomai
RJFF,33.585899353,130.4510040283,32,AS,JP,JP-40,Fukuoka
RJFK,31.8034000397,130.7189941406,906,AS,JP,JP-46,Kagoshima
RJGG,34.8583984375,136.8049926758,15,AS,JP,JP-23,Tokoname
rjns,34.7960434679,138.18775177,433,AS,JP,JP-22,Makinohara / Shimada
RJOO,34.7854995728,135.43800354,50,AS,JP,JP-27,Osaka
RJTT,35.5522994995,139.7799987793,35,AS,JP,JP-13,Tokyo
RJTY,35.748500824,139.3480072021,463,AS,JP,JP-13,Fussa
RKJB,34.991406,126.382814,35,AS,KR,KR-46,Muan
RKJK,35.9038009644,126.6159973145,29,AS,KR,KR-45,Kunsan
RKPC,33.5112991333,126.4929962158,118,AS,KR,KR-49,Jeju City
RKPK,35.1795005798,128.93800354,6,AS,KR,KR-26,Busan
RKSI,37.4691009521,126.4509963989,23,AS,KR,KR-28,Seoul
RKSO,37.090599,127.029999,38,AS,KR,KR-41,
RKSS,37.5583000183,126.791000366,58,AS,KR,KR-11,Seoul
RKTU,36.7165985107,127.499000549,191,AS,KR,KR-43,Cheongju
ROAH,26.1958007812,127.646003723,12,AS,JP,JP-47,Naha
RODN,26.3556,127.767998,143,AS,JP,JP-47,
RPLC,15.1859998703,120.559997559,484,AS,PH,PH-PAM,Angeles City
RPLL,14.508600235,121.019996643,75,AS,PH,PH-U-A,Manila
RPMD,7.1255202293,125.6460037231,96,AS,PH,PH-DAV,Davao City
RPVM,10.3074998856,123.9789962769,31,AS,PH,PH-CEB,Lapu-Lapu City
RU-0016,52.6349983215,39.4449996948,636,EU,RU,RU-LIP,Lipetsk
RU-0035,43.388302,45.698601,548,EU,RU,RU-CE,Grozny
RU-2244,51.1699981689,128.4450073242,771,AS,RU,RU-AMU,Belogorsk
RU-4464,68.151802063,33.4639015198,702,EU,RU,RU-MUR,Olenegorsk
SAEZ,-34.8222,-58.5358,67,SA,AR,AR-B,Buenos Aires
SBBE,-1.3792500496,-48.4762992859,54,SA,BR,BR-PA,Belém
SBBR,-15.8691673279,-47.9208335876,3497,SA,BR,BR-DF,Brasília
SBCF,-19.6244430542,-43.9719429016,2715,SA,BR,BR-MG,Belo Horizonte
SBCT,-25.5284996033,-49.1758003235,2988,SA,BR,BR-PR,Curitiba
SBFL,-27.6702785492,-48.5525016785,16,SA,BR,BR-SC,Florianópolis
SBGL,-22.8099994659,-43.2505569458,28,SA,BR,BR-RJ,Rio De Janeiro
SBGR,-23.4355564117,-46.4730567932,2459,SA,BR,BR-SP,São Paulo
SBSG,-5.768056,-35.376111,272,SA,BR,BR-RN,Natal
SBSP,-23.6261100769,-46.6563873291,2631,SA,BR,BR-SP,São Paulo
SBSV,-12.9086112976,-38.3224983215,64,SA,BR,BR-BA,Salvador
SCEL,-33.3930015564,-70.7857971191,1555,SA,CL,CL-RM,Santiago
SELT,-0.906832993,-78.6157989502,9205,SA,EC,EC-X,Latacunga
SEQM,-0.1291666667,-78.3575,7841,SA,EC,EC-P,Quito
SKBO,4.70159,-74.1469,8361,SA,CO,CO-CUN,Bogota
SPIM,-12.021900177,-77.1143035889,113,SA,PE,PE-LIM,Lima
SPZO,-13.5356998444,-71.9387969971,10860,SA,PE,PE-CUS,Cusco
SUMU,-34.8384017944,-56.0307998657,105,SA,UY,UY-MO,Montevideo
TJSJ,18.4393997192,-66.0018005371,9,NA,PR,PR-U-A,San Juan
TN-0002,36.075833,10.438611,21,AF,TN,TN-51,Enfidha
TNCM,18.0410003662,-63.1088981628,13,NA,SX,SX-U-A,Saint Martin
UAAA,43.3521003723,77.0404968262,2234,AS,KZ,KZ-ALM,Almaty
UACC,51.0222015381,71.4669036865,1165,AS,KZ,KZ-AKM,Astana
UAFM,43.0612983704,74.4776000977,2058,AS,KG,KG-C,Bishkek
UAKK,49.6707992554,73.3343963623,1765,AS,KZ,KZ-KAR,Karaganda
UBBB,40.4674987793,50.0466995239,10,AS,AZ,AZ-BA,Baku
UDYZ,40.1473007202,44.3959007263,2838,AS,AM,AM-ER,Yerevan
UGTB,41.6692008972,44.95470047,1624,AS,GE,GE-TB,Tbilisi
UHHH,48.5279998779,135.18800354,244,AS,RU,RU-KHA,Khabarovsk
UKBB,50.3450012207,30.8946990967,427,EU,UA,UA-32,Kiev
UKCC,48.073600769,37.7397003174,791,EU,UA,UA-14,Donetsk
UKFF,45.0522003174,33.9751014709,639,EU,UA,UA-43,Simferopol
UKHH,49.9248008728,36.2900009155,508,EU,UA,UA-63,Kharkiv
UKOO,46.4267997742,30.6765003204,172,EU,UA,UA-51,Odessa
ULLI,59.8003005981,30.2625007629,78,EU,RU,RU-SPE,St. Petersburg
UMMS,53.8824996948,28.0307006836,670,EU,BY,BY-MI,Minsk
UNKL,56.1729011536,92.4933013916,942,AS,RU,RU-KYA,Krasnoyarsk
UNNT,55.0125999451,82.6507034302,365,AS,RU,RU-NVS,Novosibirsk
URRR,47.2582015991,39.8180999756,280,EU,RU,RU-ROS,Rostov-on-Don
URSS,43.4499015808,39.9566001892,89,EU,RU,RU-KDA,Sochi
US-0070,0,0,,NA,US,US-CO,
US-0303,33.137551,-84.375,,NA,US,US-U-A,
US-0306,0,0,,NA,US,US-CA,Los Angeles
USSS,56.7430992126,60.8027000427,764,AS,RU,RU-SVE,Yekaterinburg
UTTT,41.257900238,69.2811965942,1417,AS,UZ,UZ-TO,Tashkent
UUBW,55.553299,38.150002,377,EU,RU,RU-MOS,Zhukovsky
UUDD,55.4087982178,37.9062995911,588,EU,RU,RU-MOS,Moscow
UUEE,55.9725990295,37.4146003723,622,EU,RU,RU-MOS,Moscow
UUMU,55.8782997131,38.0616989136,499,EU,RU,RU-MOS,Moscow
UUWW,55.5914993286,37.2615013123,685,EU,RU,RU-MOS,Moscow
UWKD,55.6062011719,49.2787017822,411,EU,RU,RU-TA,Kazan
UWKG,55.8666992188,49.1333007813,213,EU,RU,RU-TA,Kazan
UWUU,54.5574989319,55.8744010925,449,EU,RU,RU-BA,Ufa
UWWW,53.504901886,50.1642990112,477,EU,RU,RU-SAM,Samara
VABB,19.0886993408,72.8678970337,39,AS,IN,IN-MM,Mumbai
VAGO,15.3808002472,73.8313980103,150,AS,IN,IN-GA,Vasco da Gama
VCBI,7.1807599068,79.8841018677,30,AS,LK,LK-1,Colombo
VCRI,6.284467,81.124128,157,AS,LK,LK-3,
VDPP,11.5466003418,104.84400177,40,AS,KH,KH-8,Phnom Penh
VDSR,13.4106998444,103.81300354,60,AS,KH,KH-17,Siem Reap
VECC,22.6546993256,88.4467010498,16,AS,IN,IN-WB,Kolkata
VHHH,22.3089008331,113.915000916,28,AS,HK,HK-U-A,Hong Kong
VIAR,31.7096004486,74.7973022461,756,AS,IN,IN-PB,Amritsar
VIDP,28.5664997101,77.1031036377,777,AS,IN,IN-DL,New Delhi
VMMC,22.1495990753,113.5920028687,20,AS,MO,MO-U-A,Taipa
VOBL,13.1979,77.706299,3000,AS,IN,IN-KA,Bangalore
VOCI,10.1520004272,76.4019012451,30,AS,IN,IN-KL,Cochin
VOCL,11.1367998123,75.9552993774,342,AS,IN,IN-KL,Calicut
VOHS,17.2313175201,78.4298553467,2024,AS,IN,IN-TG,Hyderabad
VOMM,12.9900054932,80.1692962646,52,AS,IN,IN-TN,Chennai
VOTV,8.4821195602,76.9200973511,15,AS,IN,IN-KL,Thiruvananthapuram
VRMM,4.1918301582,73.5290985107,6,AS,MV,MV-MLE,Malé
VTBD,13.9125995636,100.607002258,9,AS,TH,TH-10,Bangkok
VTBS,13.6810998917,100.747001648,5,AS,TH,TH-10,Bangkok
VTCC,18.7667999268,98.962600708,1036,AS,TH,TH-50,Chiang Mai
VVDN,16.0438995361,108.1989974976,33,AS,VN,VN-60,Da Nang
VVNB,21.221200943,105.8069992065,39,AS,VN,VN-15,Hanoi
VVTS,10.8187999725,106.652000427,33,AS,VN,VN-23,Ho Chi Minh City
VYMD,21.7021999359,95.977897644,300,AS,MM,MM-04,Mandalay
VYYY,16.9073009491,96.1332015991,109,AS,MM,MM-06,Yangon
WAAA,-5.0616297722,119.5540008545,47,AS,ID,ID-SN,Ujung Pandang-Celebes Island
WADD,-8.748169899,115.1669998169,14,AS,ID,ID-BA,Denpasar-Bali Island
WARR,-7.3798298836,112.7870025635,9,AS,ID,ID-JI,Surabaya
WAXX,-0.894,131.287,10,AS,ID,ID-PB,Sorong-Papua Island
WBSB,4.9442000389,114.9280014038,73,AS,BN,BN-BM,Bandar Seri Begawan
WIII,-6.1255698204,106.65599823,34,AS,ID,ID-BT,Jakarta
WIMM,3.642222,98.885278,23,AS,ID,ID-SU,
WMKK,2.745579958,101.7099990845,69,AS,MY,MY-14,Kuala Lumpur
WSSS,1.35019,103.994003,22,AS,SG,SG-04,Singapore
YBBN,-27.3841991425,153.1170043945,13,OC,AU,AU-QLD,Brisbane
YMML,-37.6733016968,144.8430023193,434,OC,AU,AU-VIC,Melbourne
YPPH,-31.9402999878,115.9670028687,67,OC,AU,AU-WA,Perth
YSCB,-35.3069000244,149.1950073242,1886,OC,AU,AU-ACT,Canberra
YSSY,-33.9460983276,151.1770019531,21,OC,AU,AU-NSW,Sydney
ZBAA,40.0801010132,116.5849990845,116,AS,CN,CN-11,Beijing
ZBNY,39.7827987671,116.3880004883,,AS,CN,CN-11,Beijing
ZBTJ,39.1244010925,117.346000671,10,AS,CN,CN-12,Tianjin
ZBYN,37.7468986511,112.6279983521,2575,AS,CN,CN-14,Taiyuan
ZGGG,23.3924007416,113.2990036011,50,AS,CN,CN-44,Guangzhou
ZGHA,28.1891994476,113.220001221,217,AS,CN,CN-43,Changsha
ZGKL,25.2180995941,110.0390014648,570,AS,CN,CN-45,Guilin City
ZGNN,22.6082992554,108.1719970703,421,AS,CN,CN-45,Nanning
ZGSZ,22.6392993927,113.8109970093,13,AS,CN,CN-44,Shenzhen
ZHCC,34.5196990967,113.841003418,495,AS,CN,CN-41,Zhengzhou
ZHHH,30.7838001251,114.2080001831,113,AS,CN,CN-42,Wuhan
ZJHK,19.9349002838,110.4589996338,75,AS,CN,CN-46,Haikou
ZJSY,18.3029003143,109.4120025635,92,AS,CN,CN-46,Sanya
ZLXY,34.447101593,108.7519989014,1572,AS,CN,CN-61,Xianyang
ZPPP,25.1019444,102.9291667,6903,AS,CN,CN-53,Kunming
ZSAM,24.5440006256,118.1279983521,59,AS,CN,CN-35,Xiamen
ZSFZ,25.9351005554,119.6630020142,46,AS,CN,CN-35,Fuzhou
ZSHC,30.2294998169,120.4339981079,23,AS,CN,CN-33,Hangzhou
ZSJN,36.8572006226,117.216003418,76,AS,CN,CN-37,Jinan
ZSNB,29.8267002106,121.4619979858,13,AS,CN,CN-33,Ningbo
ZSNJ,31.7420005798,118.8619995117,49,AS,CN,CN-32,Nanjing
ZSPD,31.1434001923,121.8050003052,13,AS,CN,CN-31,Shanghai
ZSSS,31.1979007721,121.3359985352,10,AS,CN,CN-31,Shanghai
ZSWZ,27.9122009277,120.8519973755,,AS,CN,CN-33,Wenzhou
ZUCK,29.7192001343,106.641998291,1365,AS,CN,CN-50,Chongqing
ZUGY,26.5384998322,106.8010025024,3736,AS,CN,CN-52,Guiyang
ZUUU,30.5785007477,103.9469985962,1625,AS,CN,CN-51,Chengdu
ZWWW,43.9071006775,87.4741973877,2125,AS,CN,CN-65,Ürümqi
ZYHB,45.6234016418,126.25,457,AS,CN,CN-23,Harbin
ZYTL,38.9656982422,121.5390014648,107,AS,CN,CN-21,Dalian
ZYTX,41.6398010254,123.483001709,198,AS,CN,CN-21,Shenyang
